number,beam_Text,note_Id
"1","begin",2
"1","end",3
"1","begin",13
"1","end",14
"1","begin",23
"1","continue",24
"1","continue",25
"1","continue",26
"1","continue",27
"1","end",28
"1","begin",36
"2","begin",36
"1","end",37
"2","end",37
"1","begin",38
"1","end",39
"1","begin",48
"1","end",49
"1","begin",59
"1","end",60
"1","begin",69
"1","continue",70
"1","continue",71
"1","continue",72
"1","continue",73
"1","end",74
"1","begin",90
"1","end",91
"1","begin",101
"1","end",102
"1","begin",111
"1","continue",112
"1","continue",113
"1","continue",114
"1","continue",115
"1","end",116
"1","begin",124
"2","begin",124
"1","end",125
"2","end",125
"1","begin",126
"1","end",127
"1","begin",136
"1","end",137
"1","begin",147
"1","end",148
"1","begin",158
"1","continue",159
"1","continue",160
"1","end",161
"1","begin",177
"1","continue",178
"1","continue",179
"1","continue",180
"1","continue",181
"1","end",182
"1","begin",190
"2","begin",190
"1","end",191
"2","end",191
"1","begin",192
"1","continue",193
"1","continue",194
"1","end",195
"1","begin",204
"2","begin",204
"1","end",205
"2","end",205
"1","begin",206
"1","continue",207
"1","continue",208
"1","end",209
"1","begin",218
"2","begin",218
"1","end",219
"2","end",219
"1","begin",220
"1","continue",221
"1","continue",222
"1","end",223
"1","begin",232
"1","continue",233
"1","end",234
"1","begin",235
"2","begin",235
"1","continue",236
"2","continue",236
"1","continue",237
"2","continue",237
"1","continue",238
"2","continue",238
"1","end",239
"2","end",239
"1","begin",240
"1","end",241
"2","backward hook",241
"1","begin",249
"2","begin",249
"1","end",250
"2","end",250
"1","begin",251
"1","continue",252
"1","continue",253
"1","end",254
"1","begin",263
"2","begin",263
"1","end",264
"2","end",264
"1","begin",265
"1","continue",266
"1","continue",267
"1","end",268
"1","begin",286
"1","end",287
"1","begin",297
"1","end",298
"1","begin",307
"1","continue",308
"1","continue",309
"1","continue",310
"1","continue",311
"1","end",312
"1","begin",320
"2","begin",320
"1","end",321
"2","end",321
"1","begin",322
"1","end",323
"1","begin",332
"1","end",333
"1","begin",343
"1","end",344
"1","begin",353
"1","end",354
"1","begin",364
"1","end",365
"1","begin",372
"1","continue",373
"1","continue",374
"1","continue",375
"1","continue",376
"1","end",377
"1","begin",385
"1","continue",386
"1","continue",387
"1","continue",388
"1","continue",389
"1","end",390
"1","begin",398
"2","begin",398
"1","end",399
"2","end",399
"1","begin",400
"1","continue",401
"1","continue",402
"1","end",403
"1","begin",412
"2","begin",412
"1","end",413
"2","end",413
"1","begin",414
"1","continue",415
"1","continue",416
"1","end",417
"1","begin",426
"1","continue",427
"1","continue",428
"1","continue",429
"1","continue",430
"1","end",431
"1","begin",439
"1","continue",440
"1","continue",441
"1","continue",442
"1","continue",443
"1","end",444
"1","begin",452
"2","begin",452
"1","end",453
"2","end",453
"1","begin",454
"1","continue",455
"1","continue",456
"1","continue",457
"1","continue",458
"1","end",459
"1","begin",474
"1","end",475
"1","begin",485
"1","end",486
"1","begin",495
"1","continue",496
"1","continue",497
"1","continue",498
"1","continue",499
"1","end",500
"1","begin",508
"2","begin",508
"1","end",509
"2","end",509
"1","begin",510
"1","end",511
"1","begin",520
"1","end",521
"1","begin",531
"1","end",532
"1","begin",541
"1","continue",542
"1","continue",543
"1","continue",544
"1","continue",545
"1","end",546
"1","begin",561
"1","end",562
"1","begin",572
"1","end",573
"1","begin",584
"1","continue",585
"1","continue",586
"1","end",587
"1","begin",605
"1","continue",606
"1","continue",607
"1","continue",608
"1","end",609
"1","begin",615
"1","continue",616
"1","continue",617
"1","continue",618
"1","continue",619
"1","end",620
"1","begin",627
"1","continue",628
"1","continue",629
"1","end",630
