measure_Id	number	implicit	width	part_Id		grace	chord	rest	note_Id	duration	voice	type	dot	accidental	stem	staff	default-x	default-y	measure_Id		step	alter	octave	note_Id
0	0	yes	142.67	0					0	60	1	quarter			up	1	78.29	-40	0		E		4	0
1	1		216.08	0					1	60	5	quarter				2			0		A		4	2
2	2		216.44	0					2	30	1	eighth			up	1	12	-25	1		B		4	3
3	3		239.41	0					3	30	1	eighth			up	1	50.94	-20	1		C		5	4
4	4		241.89	0					4	60	1	quarter			down	1	89.88	-15	1		C		5	5
5	5		284.57	0					5	60	1	quarter			down	1	152.18	-15	1		A		1	6
6	6		255.68	0					6	60	5	quarter			up	2	12	-175	1		A		3	7
7	7		278.65	0					7	60	5	quarter			down	2	89.88	-105	1		C		4	8
8	8		237.59	0					8	60	5	quarter			down	2	89.88	-95	1		E		4	9
9	9		273.69	0					9	60	5	quarter			down	2	89.88	-85	1		A		3	10
10	10		244.8	0					10	60	5	quarter			down	2	152.18	-105	1		C		4	11
11	11		267.77	0					11	60	5	quarter			down	2	152.18	-95	1		E		4	12
12	12		270.24	0					12	60	5	quarter			down	2	152.18	-85	1		D		5	13
13	13		267.82	0					13	30	1	eighth			down	1	12	-10	2		E		5	14
14	14		255.21	0					14	30	1	eighth			down	1	51.01	-5	2		F		5	15
15	15		289.29	0					15	120	1	half			down	1	89.65	0	2		D		2	16
16	16		244.18	0					16	60	5	quarter			up	2	12	-160	2		A		3	17
17	17		330.43	0					17	60	5	quarter			down	2	90.02	-105	2		D		4	18
18	18		252.48	0					18	60	5	quarter			down	2	90.02	-90	2		F		4	19
19	19		251.9	0					19	60	5	quarter			down	2	90.02	-80	2		A		3	20
20	20		221.68	0					20	60	5	quarter			down	2	152.43	-105	2		D		4	21
21	21		359.57	0					21	60	5	quarter			down	2	152.43	-90	2		F		4	22
22	22		243.71	0					22	60	5	quarter			down	2	152.43	-80	2		B		4	23
23	23		251.13	0					23	30	1	eighth			down	1	12	-20	3		C		5	24
24	24		202.08	0					24	30	1	eighth			down	1	49.64	-15	3		D		5	25
25	25		282.17	0					25	30	1	eighth			down	1	87.27	-10	3		A		5	26
26	26		241.97	0					26	30	1	eighth			down	1	124.91	10	3		G		5	27
27	27		264.94	0					27	30	1	eighth			down	1	162.54	5	3		F		5	28
28	28		267.41	0					28	30	1	eighth			down	1	200.18	0	3		G		2	29
29	29		279.69	0					29	60	5	quarter			up	2	12	-145	3		G		3	30
30	30		250.8	0					30	60	5	quarter			down	2	87.27	-110	3		B		3	31
31	31		277.72	0					31	60	5	quarter			down	2	87.27	-100	3		F		4	32
32	32		248.3	0					32	60	5	quarter			down	2	87.27	-80	3		G		3	33
33	33		306.8	0					33	60	5	quarter			down	2	162.54	-110	3		B		3	34
34	34		265.56	0					34	60	5	quarter			down	2	162.54	-100	3		F		4	35
35	35		239.94	0					35	60	5	quarter			down	2	162.54	-80	3		E		5	36
36	36		244.19	0					36		1	16th			up	1	7.75	-5	4		F		5	37
37	37		308.17	0					37		1	16th			up	1	18.72	0	4		E		5	38
38	38		266.94	0					38	30	1	eighth			down	1	30.43	-5	4		D	1	5	39
39	39		272.4	0					39	30	1	eighth		sharp	down	1	70.79	-10	4		E		5	40
40	40		208.98	0					40	120	1	half			down	1	110.79	-5	4		C		3	41
41	41		273.69	0					41	60	5	quarter			up	2	30.43	-130	4		G		3	42
42	42		244.8	0					42	60	5	quarter			down	2	111.15	-110	4		C		4	43
43	43		267.77	0					43	60	5	quarter			down	2	111.15	-95	4		E		4	44
44	44		270.24	0					44	60	5	quarter			down	2	111.15	-85	4		G		3	45
45	45		284.57	0					45	60	5	quarter			down	2	175.72	-110	4		C		4	46
46	46		255.68	0					46	60	5	quarter			down	2	175.72	-95	4		E		4	47
47	47		278.65	0					47	60	5	quarter			down	2	175.72	-85	4		A		4	48
48	48		237.59	0					48	30	1	eighth			up	1	51.25	-25	5		B		4	49
49	49		276.93	0					49	30	1	eighth			up	1	95.81	-20	5		C		5	50
50	50		248.03	0					50	60	1	quarter			down	1	140.38	-15	5		C		5	51
51	51		294.53	0					51	60	1	quarter			down	1	211.67	-15	5		A		2	52
52	52		237.01	0					52	60	5	quarter			up	2	51.25	-140	5		A		3	53
53	53		296.86	0					53	60	5	quarter			down	2	140.38	-105	5		C		4	54
54	54		270.27	0					54	60	5	quarter			down	2	140.38	-95	5		E		4	55
55	55		270.02	0					55	60	5	quarter			down	2	140.38	-85	5		A		3	56
56	56		219.35	0					56	60	5	quarter			down	2	211.67	-105	5		C		4	57
									57	60	5	quarter			down	2	211.67	-95	5		E		4	58
									58	60	5	quarter			down	2	211.67	-85	5		D		5	59
									59	30	1	eighth			down	1	12	-10	6		E		5	60
									60	30	1	eighth			down	1	58.55	-5	6		F		5	61
									61	120	1	half			down	1	104.75	0	6		D		2	62
									62	60	5	quarter			up	2	12	-160	6		A		3	63
									63	60	5	quarter			down	2	105.11	-105	6		D		4	64
									64	60	5	quarter			down	2	105.11	-90	6		F		4	65
									65	60	5	quarter			down	2	105.11	-80	6		A		3	66
									66	60	5	quarter			down	2	179.59	-105	6		D		4	67
									67	60	5	quarter			down	2	179.59	-90	6		F		4	68
									68	60	5	quarter			down	2	179.59	-80	6		B		4	69
									69	30	1	eighth			down	1	12	-20	7		C		5	70
									70	30	1	eighth			down	1	56.18	-15	7		D		5	71
									71	30	1	eighth			down	1	100.35	-10	7		A		5	72
									72	30	1	eighth			down	1	144.53	10	7		G		5	73
									73	30	1	eighth			down	1	188.7	5	7		B		4	74
									74	30	1	eighth			down	1	232.88	-20	7		G		2	75
									75	60	5	quarter			up	2	12	-145	7		G		3	76
									76	60	5	quarter			down	2	100.35	-110	7		B		3	77
									77	60	5	quarter			down	2	100.35	-100	7		F		4	78
									78	60	5	quarter			down	2	100.35	-80	7		G		3	79
									79	60	5	quarter			down	2	188.7	-110	7		B		3	80
									80	60	5	quarter			down	2	188.7	-100	7		F		4	81
									81	60	5	quarter			down	2	188.7	-80	7		C		5	82
									82	60	1	quarter			down	1	12	-15	8		E		4	84
									83	60	1	quarter				1			8		C		3	85
									84	60	1	quarter			up	1	161.33	-40	8		G		3	86
									85	60	5	quarter			up	2	12	-130	8		C		4	87
									86	60	5	quarter			down	2	86.66	-110	8		E		4	88
									87	60	5	quarter			down	2	86.66	-95	8		A		4	90
									88	60	5	quarter			down	2	86.66	-85	8		B		4	91
									89	60	5	quarter				2			8		C		5	92
									90	30	1	eighth			up	1	51.25	-25	9		C		5	93
									91	30	1	eighth			up	1	93.72	-20	9		A		2	94
									92	60	1	quarter			down	1	136.19	-15	9		A		3	95
									93	60	1	quarter			down	1	204.14	-15	9		C		4	96
									94	60	5	quarter			up	2	51.25	-140	9		E		4	97
									95	60	5	quarter			down	2	136.19	-105	9		A		3	98
									96	60	5	quarter			down	2	136.19	-95	9		C		4	99
									97	60	5	quarter			down	2	136.19	-85	9		E		4	100
									98	60	5	quarter			down	2	204.14	-105	9		D		5	101
									99	60	5	quarter			down	2	204.14	-95	9		E		5	102
									100	60	5	quarter			down	2	204.14	-85	9		F		5	103
									101	30	1	eighth			down	1	12	-10	10		D		2	104
									102	30	1	eighth			down	1	56.46	-5	10		A		3	105
									103	120	1	half			down	1	100.56	0	10		D		4	106
									104	60	5	quarter			up	2	12	-160	10		F		4	107
									105	60	5	quarter			down	2	100.92	-105	10		A		3	108
									106	60	5	quarter			down	2	100.92	-90	10		D		4	109
									107	60	5	quarter			down	2	100.92	-80	10		F		4	110
									108	60	5	quarter			down	2	172.06	-105	10		B		4	111
									109	60	5	quarter			down	2	172.06	-90	10		C		5	112
									110	60	5	quarter			down	2	172.06	-80	10		D		5	113
									111	30	1	eighth			down	1	12	-20	11		A		5	114
									112	30	1	eighth			down	1	54.36	-15	11		G		5	115
									113	30	1	eighth			down	1	96.72	-10	11		F		5	116
									114	30	1	eighth			down	1	139.08	10	11		G		2	117
									115	30	1	eighth			down	1	181.44	5	11		G		3	118
									116	30	1	eighth			down	1	223.81	0	11		B		3	119
									117	60	5	quarter			up	2	12	-145	11		F		4	120
									118	60	5	quarter			down	2	96.72	-110	11		G		3	121
									119	60	5	quarter			down	2	96.72	-100	11		B		3	122
									120	60	5	quarter			down	2	96.72	-80	11		F		4	123
									121	60	5	quarter			down	2	181.44	-110	11		E		5	124
									122	60	5	quarter			down	2	181.44	-100	11		F		5	125
									123	60	5	quarter			down	2	181.44	-80	11		E		5	126
									124		1	16th			up	1	7.75	-5	12		D	1	5	127
									125		1	16th			up	1	18.72	0	12		E		5	128
									126	30	1	eighth			down	1	30.43	-5	12		C		3	129
									127	30	1	eighth		sharp	down	1	76.24	-10	12		G		3	130
									128	120	1	half			down	1	121.69	-5	12		C		4	131
									129	60	5	quarter			up	2	30.43	-130	12		E		4	132
									130	60	5	quarter			down	2	122.05	-110	12		G		3	133
									131	60	5	quarter			down	2	122.05	-95	12		C		4	134
									132	60	5	quarter			down	2	122.05	-85	12		E		4	135
									133	60	5	quarter			down	2	195.35	-110	12		C		5	136
									134	60	5	quarter			down	2	195.35	-95	12		D		5	137
									135	60	5	quarter			down	2	195.35	-85	12		E		5	138
									136	30	1	eighth			down	1	51.25	-15	13		E		5	139
									137	30	1	eighth			down	1	92.59	-10	13		A		2	140
									138	60	1	quarter			down	1	133.93	-5	13		A		3	141
									139	60	1	quarter			down	1	200.07	-5	13		C		4	142
									140	60	5	quarter			up	2	51.25	-140	13		E		4	143
									141	60	5	quarter			down	2	133.93	-105	13		A		3	144
									142	60	5	quarter			down	2	133.93	-95	13		C		4	145
									143	60	5	quarter			down	2	133.93	-85	13		E		4	146
									144	60	5	quarter			down	2	200.07	-105	13		F		5	147
									145	60	5	quarter			down	2	200.07	-95	13		G		5	148
									146	60	5	quarter			down	2	200.07	-85	13		A		5	149
									147	30	1	eighth			down	1	12	0	14		D		2	150
									148	30	1	eighth			down	1	58.46	5	14		A		3	151
									149	120	1	half			down	1	104.57	10	14		D		4	152
									150	60	5	quarter			up	2	12	-160	14		F		4	153
									151	60	5	quarter			down	2	104.93	-105	14		A		3	154
									152	60	5	quarter			down	2	104.93	-90	14		D		4	155
									153	60	5	quarter			down	2	104.93	-80	14		F		4	156
									154	60	5	quarter			down	2	179.27	-105	14		G		5	157
									155	60	5	quarter			down	2	179.27	-90	14		F	1	5	158
									156	60	5	quarter			down	2	179.27	-80	14		G		5	159
									157	60	1	quarter			down	1	12	5	15		D		6	160
									158	30	1	eighth		sharp	down	1	90.77	0	15		F		5	161
									159	30	1	eighth			down	1	140	5	15		G		2	162
									160	30	1	eighth			down	1	189.23	25	15		G		3	163
									161	30	1	eighth		natural	down	1	238.46	0	15		B		3	164
									162	60	5	quarter			up	2	12	-145	15		F		4	165
									163	60	5	quarter			down	2	90.77	-110	15		G		3	166
									164	60	5	quarter			down	2	90.77	-100	15		B		3	167
									165	60	5	quarter			down	2	90.77	-80	15		F		4	168
									166	60	5	quarter			down	2	189.23	-110	15		E		5	169
									167	60	5	quarter			down	2	189.23	-100	15		C		3	170
									168	60	5	quarter			down	2	189.23	-80	15		G		3	171
									169	180	1	half			down	1	12	-5	16		C		4	172
									170	60	5	quarter			up	2	12.36	-130	16		E		4	173
									171	60	5	quarter			down	2	89.1	-110	16		G		3	174
									172	60	5	quarter			down	2	89.1	-95	16		C		4	175
									173	60	5	quarter			down	2	89.1	-85	16		E		4	176
									174	60	5	quarter			down	2	165.84	-110	16		E		5	177
									175	60	5	quarter			down	2	165.84	-95	16		F	1	5	178
									176	60	5	quarter			down	2	165.84	-85	16		G	1	5	179
									177	30	1	eighth			down	1	69.88	-5	17		A		5	180
									178	30	1	eighth		sharp	down	1	113.04	0	17		B		5	181
									179	30	1	eighth		sharp	down	1	156.2	5	17		C		6	182
									180	30	1	eighth			down	1	199.36	10	17		E		2	183
									181	30	1	eighth			down	1	242.52	15	17		E		3	184
									182	30	1	eighth			down	1	285.67	20	17		B		3	185
									183	60	5	quarter			up	2	69.88	-155	17		D		4	186
									184	60	5	quarter			down	2	156.2	-120	17		E		3	187
									185	60	5	quarter			down	2	156.2	-100	17		G	1	3	188
									186	60	5	quarter			down	2	156.2	-90	17		D		4	189
									187	60	5	quarter			down	2	242.52	-120	17		B		5	190
									188	60	5	quarter		sharp	down	2	242.52	-110	17		C		6	191
									189	60	5	quarter			down	2	242.52	-90	17		B		5	192
									190		1	16th			up	1	7.75	15	18		A		5	193
									191		1	16th			up	1	26.12	20	18		E		5	194
									192	30	1	eighth			down	1	45.23	15	18		B		5	195
									193	30	1	eighth			down	1	81.96	10	18		A		5	196
									194	30	1	eighth			down	1	118.68	-5	18		A		2	197
									195	30	1	eighth			down	1	155.4	15	18		E		3	198
									196	60	1	quarter			down	1	192.12	10	18		A		3	199
									197	60	5	quarter			up	2	45.23	-140	18		C		4	200
									198	60	5	quarter			down	2	118.68	-120	18		E		3	201
									199	60	5	quarter			down	2	118.68	-105	18		A		3	202
									200	60	5	quarter			down	2	118.68	-95	18		C		4	203
									201	60	5	quarter			down	2	192.12	-120	18		A		5	204
									202	60	5	quarter			down	2	192.12	-105	18		B		5	205
									203	60	5	quarter			down	2	192.12	-95	18		A		5	206
									204		1	16th			up	1	7.75	10	19		G	1	5	207
									205		1	16th			up	1	26.12	15	19		E		5	208
									206	30	1	eighth			down	1	45.23	10	19		F		5	209
									207	30	1	eighth		sharp	down	1	81.85	5	19		E		5	210
									208	30	1	eighth			down	1	118.47	-5	19		E		2	211
									209	30	1	eighth			down	1	155.09	0	19		E		3	212
									210	60	1	quarter			down	1	191.71	-5	19		B		3	213
									211	60	5	quarter			up	2	45.23	-155	19		D		4	214
									212	60	5	quarter			down	2	118.47	-120	19		E		3	215
									213	60	5	quarter			down	2	118.47	-100	19		B		3	216
									214	60	5	quarter			down	2	118.47	-90	19		D		4	217
									215	60	5	quarter			down	2	191.71	-120	19		E		5	218
									216	60	5	quarter			down	2	191.71	-100	19		F		5	219
									217	60	5	quarter			down	2	191.71	-90	19		E		5	220
									218		1	16th			up	1	7.75	-5	20		C		5	221
									219		1	16th			up	1	18.72	0	20		A		4	222
									220	30	1	eighth			down	1	30.43	-5	20		B		4	223
									221	30	1	eighth			down	1	64.3	-15	20		A		4	224
									222	30	1	eighth			down	1	98.16	-25	20		A		2	225
									223	30	1	eighth			down	1	132.03	-20	20		E		3	226
									224	60	1	quarter			up	1	165.9	-25	20		A		3	227
									225	60	5	quarter			up	2	30.43	-140	20		C		4	228
									226	60	5	quarter			down	2	98.16	-120	20		E		3	229
									227	60	5	quarter			down	2	98.16	-105	20		A		3	230
									228	60	5	quarter			down	2	98.16	-95	20		C		4	231
									229	60	5	quarter			down	2	165.9	-120	20		E		4	232
									230	60	5	quarter			down	2	165.9	-105	20		G	1	4	233
									231	60	5	quarter			down	2	165.9	-95	20		B		4	234
									232	20	1	eighth			up	1	51.25	-40	21		E		5	235
									233	20	1	eighth		sharp	up	1	85.33	-30	21		G	1	5	236
									234	20	1	eighth			up	1	119.42	-20	21		B		5	237
									235	12	1	16th			down	1	153.5	-5	21		E		6	238
									236	12	1	16th		sharp	down	1	184.58	5	21		G	1	6	239
									237	12	1	16th			down	1	208.21	15	21		B		6	240
									238	12	1	16th			down	1	231.84	-5	21		C		7	241
									239	12	1	16th			down	1	255.48	5	21		E		2	242
									240	45	1	eighth			down	1	279.11	15	21		E		3	243
									241	15	1	16th			down	1	329.78	20	21		B		3	244
									242	60	5	quarter			up	2	51.25	-155	21		D		4	245
									243	60	5	quarter			down	2	153.5	-120	21		E		3	246
									244	60	5	quarter			down	2	153.5	-100	21		G	1	3	247
									245	60	5	quarter			down	2	153.5	-90	21		D		4	248
									246	60	5	quarter			down	2	279.11	-120	21		B		6	249
									247	60	5	quarter		sharp	down	2	279.11	-110	21		C		7	250
									248	60	5	quarter			down	2	279.11	-90	21		B		6	251
									249		1	16th			up	1	7.75	15	22		A		6	252
									250		1	16th			up	1	26.12	20	22		E		6	253
									251	30	1	eighth			down	1	45.23	15	22		B		6	254
									252	30	1	eighth			down	1	80.39	10	22		A		6	255
									253	30	1	eighth			down	1	115.55	-5	22		A		2	256
									254	30	1	eighth			down	1	150.7	15	22		E		3	257
									255	60	1	quarter			down	1	185.86	10	22		A		3	258
									256	60	5	quarter			up	2	45.23	-140	22		C		4	259
									257	60	5	quarter			down	2	115.55	-120	22		E		3	260
									258	60	5	quarter			down	2	115.55	-105	22		A		3	261
									259	60	5	quarter			down	2	115.55	-95	22		C		4	262
									260	60	5	quarter			down	2	185.86	-120	22		A		6	263
									261	60	5	quarter			down	2	185.86	-105	22		B		6	264
									262	60	5	quarter			down	2	185.86	-95	22		A		6	265
									263		1	16th			up	1	7.75	10	23		G	1	6	266
									264		1	16th			up	1	26.12	15	23		E		6	267
									265	30	1	eighth			down	1	45.23	10	23		E		7	268
									266	30	1	eighth		sharp	down	1	81.71	5	23		E		7	269
									267	30	1	eighth			down	1	118.19	-5	23		E		2	270
									268	30	1	eighth			down	1	154.68	30	23		E		3	271
									269	60	1	quarter			down	1	191.16	30	23		B		3	272
									270	60	5	quarter			up	2	45.23	-155	23		D		4	273
									271	60	5	quarter			down	2	118.19	-120	23		E		3	274
									272	60	5	quarter			down	2	118.19	-100	23		B		3	275
									273	60	5	quarter			down	2	118.19	-90	23		D		4	276
									274	60	5	quarter			down	2	191.16	-120	23		A		6	277
									275	60	5	quarter			down	2	191.16	-100	23		A		2	279
									276	60	5	quarter			down	2	191.16	-90	23		E		3	280
									277	120	1	half			down	1	12	10	24		A		3	281
									278	60	1	quarter				1			24		C		4	282
									279	60	5	quarter			up	2	12.36	-140	24		E		3	283
									280	60	5	quarter			down	2	69.22	-120	24		A		3	284
									281	60	5	quarter			down	2	69.22	-105	24		C		4	285
									282	60	5	quarter			down	2	69.22	-95	24		A		4	286
									283	60	5	quarter			down	2	126.09	-120	24		B		4	287
									284	60	5	quarter			down	2	126.09	-105	24		C		5	288
									285	60	5	quarter			down	2	126.09	-95	24		C		5	289
									286	30	1	eighth			up	1	69.88	-25	25		A		1	290
									287	30	1	eighth			up	1	110.4	-20	25		A		3	291
									288	60	1	quarter			down	1	150.92	-15	25		C		4	292
									289	60	1	quarter			down	1	215.75	-15	25		E		4	293
									290	60	5	quarter			up	2	69.88	-175	25		A		3	294
									291	60	5	quarter			down	2	150.92	-105	25		C		4	295
									292	60	5	quarter			down	2	150.92	-95	25		E		4	296
									293	60	5	quarter			down	2	150.92	-85	25		D		5	297
									294	60	5	quarter			down	2	215.75	-105	25		E		5	298
									295	60	5	quarter			down	2	215.75	-95	25		F		5	299
									296	60	5	quarter			down	2	215.75	-85	25		D		2	300
									297	30	1	eighth			down	1	12	-10	26		A		3	301
									298	30	1	eighth			down	1	55.92	-5	26		D		4	302
									299	120	1	half			down	1	99.47	0	26		F		4	303
									300	60	5	quarter			up	2	12	-160	26		A		3	304
									301	60	5	quarter			down	2	99.83	-105	26		D		4	305
									302	60	5	quarter			down	2	99.83	-90	26		F		4	306
									303	60	5	quarter			down	2	99.83	-80	26		B		4	307
									304	60	5	quarter			down	2	170.1	-105	26		C		5	308
									305	60	5	quarter			down	2	170.1	-90	26		D		5	309
									306	60	5	quarter			down	2	170.1	-80	26		A		5	310
									307	30	1	eighth			down	1	12	-20	27		G		5	311
									308	30	1	eighth			down	1	53.89	-15	27		F		5	312
									309	30	1	eighth			down	1	95.78	-10	27		G		2	313
									310	30	1	eighth			down	1	137.67	10	27		G		3	314
									311	30	1	eighth			down	1	179.56	5	27		B		3	315
									312	30	1	eighth			down	1	221.45	0	27		F		4	316
									313	60	5	quarter			up	2	12	-145	27		G		3	317
									314	60	5	quarter			down	2	95.78	-110	27		B		3	318
									315	60	5	quarter			down	2	95.78	-100	27		F		4	319
									316	60	5	quarter			down	2	95.78	-80	27		E		5	320
									317	60	5	quarter			down	2	179.56	-110	27		F		5	321
									318	60	5	quarter			down	2	179.56	-100	27		E		5	322
									319	60	5	quarter			down	2	179.56	-80	27		D	1	5	323
									320		1	16th			up	1	7.75	-5	28		E		5	324
									321		1	16th			up	1	18.72	0	28		C		3	325
									322	30	1	eighth			down	1	30.43	-5	28		G		3	326
									323	30	1	eighth		sharp	down	1	75.7	-10	28		C		4	327
									324	120	1	half			down	1	120.6	-5	28		E		4	328
									325	60	5	quarter			up	2	30.43	-130	28		G		3	329
									326	60	5	quarter			down	2	120.96	-110	28		C		4	330
									327	60	5	quarter			down	2	120.96	-95	28		E		4	331
									328	60	5	quarter			down	2	120.96	-85	28		C		5	332
									329	60	5	quarter			down	2	193.39	-110	28		D		5	333
									330	60	5	quarter			down	2	193.39	-95	28		E		5	334
									331	60	5	quarter			down	2	193.39	-85	28		E		5	335
									332	30	1	eighth			down	1	51.25	-15	29		A		2	336
									333	30	1	eighth			down	1	94.88	-10	29		A		3	337
									334	60	1	quarter			down	1	138.5	-5	29		C		4	338
									335	60	1	quarter			down	1	208.29	-5	29		E		4	339
									336	60	5	quarter			up	2	51.25	-140	29		A		3	340
									337	60	5	quarter			down	2	138.5	-105	29		C		4	341
									338	60	5	quarter			down	2	138.5	-95	29		E		4	342
									339	60	5	quarter			down	2	138.5	-85	29		F		5	343
									340	60	5	quarter			down	2	208.29	-105	29		G		5	344
									341	60	5	quarter			down	2	208.29	-95	29		A		5	345
									342	60	5	quarter			down	2	208.29	-85	29		D		2	346
									343	30	1	eighth			down	1	12	0	30		A		3	347
									344	30	1	eighth			down	1	57.61	5	30		D		4	348
									345	120	1	half			down	1	102.87	10	30		F		4	349
									346	60	5	quarter			up	2	12	-160	30		A		3	350
									347	60	5	quarter			down	2	103.23	-105	30		D		4	351
									348	60	5	quarter			down	2	103.23	-90	30		F		4	352
									349	60	5	quarter			down	2	103.23	-80	30		D	1	5	353
									350	60	5	quarter			down	2	176.21	-105	30		E		5	354
									351	60	5	quarter			down	2	176.21	-90	30		F	1	5	355
									352	60	5	quarter			down	2	176.21	-80	30		F	1	5	356
									353	30	1	eighth		sharp	down	1	18.42	-10	31		B		1	357
									354	30	1	eighth			down	1	67.97	-5	31		A		3	358
									355	60	1	quarter		sharp	down	1	117.53	0	31		B		3	359
									356	60	1	quarter			down	1	196.82	0	31		D	1	4	360
									357	60	5	quarter			up	2	18.42	-170	31		A		3	361
									358	60	5	quarter			down	2	105.67	-105	31		B		3	362
									359	60	5	quarter			down	2	117.53	-100	31		D	1	4	363
									360	60	5	quarter		sharp	down	2	117.53	-90	31		G	1	5	364
									361	60	5	quarter			down	2	184.96	-105	31		A		5	365
									362	60	5	quarter			down	2	196.82	-100	31		B		5	366
									363	60	5	quarter			down	2	196.82	-90	31		E		2	367
									364	30	1	eighth		sharp	down	1	18.42	5	32		E		3	368
									365	30	1	eighth			down	1	62.32	10	32		B		3	369
									366	120	1	half			down	1	105.85	15	32		D		4	370
									367	60	5	quarter			up	2	18.42	-155	32		B		5	372
									368	60	5	quarter			down	2	106.22	-120	32		C	1	6	373
									369	60	5	quarter			down	2	106.22	-100	32		D		6	374
									370	60	5	quarter		natural	down	2	106.22	-90	32		F	1	6	375
									371	60	5	quarter				2			32		E		6	376
									372	30	1	eighth			down	1	51.25	15	33		D		6	377
									373	30	1	eighth		sharp	down	1	93.58	20	33		E		2	378
									374	30	1	eighth			down	1	135.9	25	33		E		3	379
									375	30	1	eighth		sharp	down	1	178.22	35	33		G	1	3	380
									376	30	1	eighth			down	1	220.55	30	33		D		4	381
									377	30	1	eighth			down	1	262.87	25	33		E		3	382
									378	60	5	quarter			up	2	51.25	-155	33		G	1	3	383
									379	60	5	quarter			down	2	135.9	-120	33		D		4	384
									380	60	5	quarter		sharp	down	2	135.9	-110	33		C	1	6	385
									381	60	5	quarter			down	2	135.9	-90	33		B		5	386
									382	60	5	quarter			down	2	220.55	-120	33		C	1	6	387
									383	60	5	quarter			down	2	220.55	-110	33		G	1	5	388
									384	60	5	quarter			down	2	220.55	-90	33		A		5	389
									385	30	1	eighth		sharp	down	1	20.42	20	34		F	1	5	390
									386	30	1	eighth			down	1	61.01	15	34		A		2	391
									387	30	1	eighth			down	1	101.6	20	34		E		3	392
									388	30	1	eighth		sharp	down	1	142.19	5	34		A		3	393
									389	30	1	eighth			down	1	182.78	10	34		C	1	4	394
									390	30	1	eighth		sharp	down	1	223.37	0	34		E		3	395
									391	60	5	quarter			up	2	20.42	-140	34		A		3	396
									392	60	5	quarter			down	2	101.6	-120	34		C	1	4	397
									393	60	5	quarter			down	2	101.6	-105	34		E		5	398
									394	60	5	quarter		sharp	down	2	101.6	-95	34		F	1	5	399
									395	60	5	quarter			down	2	182.78	-120	34		E		5	400
									396	60	5	quarter			down	2	182.78	-105	34		D		5	401
									397	60	5	quarter			down	2	182.78	-95	34		G	1	4	402
									398		1	16th			up	1	7.75	-5	35		F	1	5	403
									399		1	16th		sharp	up	1	30.17	0	35		E		5	404
									400	30	1	eighth			down	1	41.88	-5	35		E		2	405
									401	30	1	eighth			down	1	76.97	-10	35		E		3	406
									402	30	1	eighth		sharp	down	1	112.05	-30	35		B		3	407
									403	30	1	eighth			down	1	147.13	0	35		D		4	408
									404	60	1	quarter			down	1	182.21	-5	35		E		3	409
									405	60	5	quarter			up	2	41.88	-155	35		B		3	410
									406	60	5	quarter			down	2	112.05	-120	35		D		4	411
									407	60	5	quarter			down	2	112.05	-100	35		E		5	412
									408	60	5	quarter			down	2	112.05	-90	35		F	1	5	413
									409	60	5	quarter			down	2	182.21	-120	35		E		5	414
									410	60	5	quarter			down	2	182.21	-100	35		C	1	5	415
									411	60	5	quarter			down	2	182.21	-90	35		A		4	416
									412		1	16th			up	1	7.75	-5	36		F	1	5	417
									413		1	16th		sharp	up	1	30.17	0	36		E		5	418
									414	30	1	eighth			down	1	41.88	-5	36		A		2	419
									415	30	1	eighth		sharp	down	1	77.72	-15	36		E		3	420
									416	30	1	eighth			down	1	113.57	-25	36		A		3	421
									417	30	1	eighth			down	1	149.41	0	36		C	1	4	422
									418	60	1	quarter			down	1	185.25	-5	36		E		3	423
									419	60	5	quarter			up	2	41.88	-140	36		A		3	424
									420	60	5	quarter			down	2	113.57	-120	36		C	1	4	425
									421	60	5	quarter			down	2	113.57	-105	36		B		5	426
									422	60	5	quarter		sharp	down	2	113.57	-95	36		C	1	6	427
									423	60	5	quarter			down	2	185.25	-120	36		D		6	428
									424	60	5	quarter			down	2	185.25	-105	36		F	1	6	429
									425	60	5	quarter			down	2	185.25	-95	36		E		6	430
									426	30	1	eighth			down	1	51.25	15	37		D		6	431
									427	30	1	eighth		sharp	down	1	93.81	20	37		E		2	432
									428	30	1	eighth			down	1	136.36	25	37		E		3	433
									429	30	1	eighth		sharp	down	1	178.91	35	37		G	1	3	434
									430	30	1	eighth			down	1	221.47	30	37		D		4	435
									431	30	1	eighth			down	1	264.02	25	37		E		3	436
									432	60	5	quarter			up	2	51.25	-155	37		G	1	3	437
									433	60	5	quarter			down	2	136.36	-120	37		D		4	438
									434	60	5	quarter		sharp	down	2	136.36	-110	37		C	1	6	439
									435	60	5	quarter			down	2	136.36	-90	37		B		5	440
									436	60	5	quarter			down	2	221.47	-120	37		C	1	6	441
									437	60	5	quarter			down	2	221.47	-110	37		G	1	5	442
									438	60	5	quarter			down	2	221.47	-90	37		A		5	443
									439	30	1	eighth		sharp	down	1	20.42	20	38		F	1	5	444
									440	30	1	eighth			down	1	61.24	15	38		A		2	445
									441	30	1	eighth			down	1	102.06	20	38		E		3	446
									442	30	1	eighth		sharp	down	1	142.88	5	38		A		3	447
									443	30	1	eighth			down	1	183.7	10	38		C	1	4	448
									444	30	1	eighth		sharp	down	1	224.52	0	38		E		3	449
									445	60	5	quarter			up	2	20.42	-140	38		A		3	450
									446	60	5	quarter			down	2	102.06	-120	38		C	1	4	451
									447	60	5	quarter			down	2	102.06	-105	38		E		5	452
									448	60	5	quarter		sharp	down	2	102.06	-95	38		F	1	5	453
									449	60	5	quarter			down	2	183.7	-120	38		E		5	454
									450	60	5	quarter			down	2	183.7	-105	38		D		5	455
									451	60	5	quarter			down	2	183.7	-95	38		G	1	4	456
									452		1	16th			up	1	7.75	-5	39		F	1	5	457
									453		1	16th		sharp	up	1	30.17	0	39		E		5	458
									454	30	1	eighth			down	1	41.88	-5	39		G	1	4	459
									455	30	1	eighth			down	1	80.04	-10	39		E		2	460
									456	30	1	eighth		sharp	down	1	118.19	-30	39		E		3	461
									457	30	1	eighth		sharp	down	1	156.34	0	39		B		3	462
									458	30	1	eighth			down	1	194.5	-5	39		D		4	463
									459	30	1	eighth			down	1	232.65	-30	39		E		3	464
									460	60	5	quarter			up	2	41.88	-155	39		B		3	465
									461	60	5	quarter			down	2	118.19	-120	39		D		4	466
									462	60	5	quarter			down	2	118.19	-100	39		A		4	467
									463	60	5	quarter			down	2	118.19	-90	39		E		4	469
									464	60	5	quarter			down	2	194.5	-120	39		A		2	470
									465	60	5	quarter			down	2	194.5	-100	39		E		3	471
									466	60	5	quarter			down	2	194.5	-90	39		C	1	4	472
									467	60	1	quarter			up	1	12	-25	40		A		4	474
									468	60	1	quarter				1			40		B		4	475
									469	60	1	quarter			up	1	130.56	-40	40		C		5	476
									470	60	5	quarter			up	2	12	-140	40		C		5	477
									471	60	5	quarter			down	2	71.28	-120	40		A		1	478
									472	60	5	quarter		sharp	down	2	71.28	-95	40		A		3	479
									473	60	5	quarter				2			40		C		4	480
									474	30	1	eighth			up	1	51.25	-25	41		E		4	481
									475	30	1	eighth			up	1	93.72	-20	41		A		3	482
									476	60	1	quarter			down	1	136.19	-15	41		C		4	483
									477	60	1	quarter			down	1	204.14	-15	41		E		4	484
									478	60	5	quarter			up	2	51.25	-175	41		D		5	485
									479	60	5	quarter			down	2	136.19	-105	41		E		5	486
									480	60	5	quarter			down	2	136.19	-95	41		F		5	487
									481	60	5	quarter			down	2	136.19	-85	41		D		2	488
									482	60	5	quarter			down	2	204.14	-105	41		A		3	489
									483	60	5	quarter			down	2	204.14	-95	41		D		4	490
									484	60	5	quarter			down	2	204.14	-85	41		F		4	491
									485	30	1	eighth			down	1	12	-10	42		A		3	492
									486	30	1	eighth			down	1	56.46	-5	42		D		4	493
									487	120	1	half			down	1	100.56	0	42		F		4	494
									488	60	5	quarter			up	2	12	-160	42		B		4	495
									489	60	5	quarter			down	2	100.92	-105	42		C		5	496
									490	60	5	quarter			down	2	100.92	-90	42		D		5	497
									491	60	5	quarter			down	2	100.92	-80	42		A		5	498
									492	60	5	quarter			down	2	172.06	-105	42		G		5	499
									493	60	5	quarter			down	2	172.06	-90	42		F		5	500
									494	60	5	quarter			down	2	172.06	-80	42		G		2	501
									495	30	1	eighth			down	1	12	-20	43		G		3	502
									496	30	1	eighth			down	1	54.36	-15	43		B		3	503
									497	30	1	eighth			down	1	96.72	-10	43		F		4	504
									498	30	1	eighth			down	1	139.08	10	43		G		3	505
									499	30	1	eighth			down	1	181.44	5	43		B		3	506
									500	30	1	eighth			down	1	223.81	0	43		F		4	507
									501	60	5	quarter			up	2	12	-145	43		E		5	508
									502	60	5	quarter			down	2	96.72	-110	43		F		5	509
									503	60	5	quarter			down	2	96.72	-100	43		E		5	510
									504	60	5	quarter			down	2	96.72	-80	43		D	1	5	511
									505	60	5	quarter			down	2	181.44	-110	43		E		5	512
									506	60	5	quarter			down	2	181.44	-100	43		C		3	513
									507	60	5	quarter			down	2	181.44	-80	43		G		3	514
									508		1	16th			up	1	7.75	-5	44		C		4	515
									509		1	16th			up	1	18.72	0	44		E		4	516
									510	30	1	eighth			down	1	30.43	-5	44		G		3	517
									511	30	1	eighth		sharp	down	1	76.24	-10	44		C		4	518
									512	120	1	half			down	1	121.69	-5	44		E		4	519
									513	60	5	quarter			up	2	30.43	-130	44		A		4	520
									514	60	5	quarter			down	2	122.05	-110	44		B		4	521
									515	60	5	quarter			down	2	122.05	-95	44		C		5	522
									516	60	5	quarter			down	2	122.05	-85	44		C		5	523
									517	60	5	quarter			down	2	195.35	-110	44		A		2	524
									518	60	5	quarter			down	2	195.35	-95	44		A		3	525
									519	60	5	quarter			down	2	195.35	-85	44		C		4	526
									520	30	1	eighth			up	1	51.25	-25	45		E		4	527
									521	30	1	eighth			up	1	95.81	-20	45		A		3	528
									522	60	1	quarter			down	1	140.38	-15	45		C		4	529
									523	60	1	quarter			down	1	211.67	-15	45		E		4	530
									524	60	5	quarter			up	2	51.25	-140	45		D		5	531
									525	60	5	quarter			down	2	140.38	-105	45		E		5	532
									526	60	5	quarter			down	2	140.38	-95	45		F		5	533
									527	60	5	quarter			down	2	140.38	-85	45		D		2	534
									528	60	5	quarter			down	2	211.67	-105	45		A		3	535
									529	60	5	quarter			down	2	211.67	-95	45		D		4	536
									530	60	5	quarter			down	2	211.67	-85	45		F		4	537
									531	30	1	eighth			down	1	12	-10	46		A		3	538
									532	30	1	eighth			down	1	58.55	-5	46		D		4	539
									533	120	1	half			down	1	104.75	0	46		F		4	540
									534	60	5	quarter			up	2	12	-160	46		B		4	541
									535	60	5	quarter			down	2	105.11	-105	46		C		5	542
									536	60	5	quarter			down	2	105.11	-90	46		D		5	543
									537	60	5	quarter			down	2	105.11	-80	46		A		5	544
									538	60	5	quarter			down	2	179.59	-105	46		G		5	545
									539	60	5	quarter			down	2	179.59	-90	46		B		4	546
									540	60	5	quarter			down	2	179.59	-80	46		G		2	547
									541	30	1	eighth			down	1	12	-20	47		G		3	548
									542	30	1	eighth			down	1	56.18	-15	47		B		3	549
									543	30	1	eighth			down	1	100.35	-10	47		F		4	550
									544	30	1	eighth			down	1	144.53	10	47		G		3	551
									545	30	1	eighth			down	1	188.7	5	47		B		3	552
									546	30	1	eighth			down	1	232.88	-20	47		F		4	553
									547	60	5	quarter			up	2	12	-145	47		C		5	554
									548	60	5	quarter			down	2	100.35	-110	47		E		4	556
									549	60	5	quarter			down	2	100.35	-100	47		C		3	557
									550	60	5	quarter			down	2	100.35	-80	47		G		3	558
									551	60	5	quarter			down	2	188.7	-110	47		E		4	559
									552	60	5	quarter			down	2	188.7	-100	47		A		4	561
									553	60	5	quarter			down	2	188.7	-80	47		B		4	562
									554	60	1	quarter			down	1	12	-15	48		C		5	563
									555	60	1	quarter				1			48		C		5	564
									556	60	1	quarter			up	1	161.33	-40	48		A		1	565
									557	60	5	quarter			up	2	12	-130	48		A		3	566
									558	60	5	quarter			down	2	86.66	-110	48		C		4	567
									559	60	5	quarter			down	2	86.66	-85	48		E		4	568
									560	60	5	quarter				2			48		A		3	569
									561	30	1	eighth			up	1	51.25	-25	49		C		4	570
									562	30	1	eighth			up	1	94.34	-20	49		E		4	571
									563	60	1	quarter			down	1	137.43	-15	49		D		5	572
									564	60	1	quarter			down	1	206.38	-15	49		E		5	573
									565	60	5	quarter			up	2	51.25	-175	49		F		5	574
									566	60	5	quarter			down	2	137.43	-105	49		D		2	575
									567	60	5	quarter			down	2	137.43	-95	49		A		3	576
									568	60	5	quarter			down	2	137.43	-85	49		D		4	577
									569	60	5	quarter			down	2	206.38	-105	49		F		4	578
									570	60	5	quarter			down	2	206.38	-95	49		A		3	579
									571	60	5	quarter			down	2	206.38	-85	49		D		4	580
									572	30	1	eighth			down	1	12	-10	50		F		4	581
									573	30	1	eighth			down	1	57.08	-5	50		E		5	583
									574	120	1	half			down	1	101.81	0	50		D	1	5	584
									575	60	5	quarter			up	2	12	-160	50		E		5	585
									576	60	5	quarter			down	2	102.17	-105	50		B		5	586
									577	60	5	quarter			down	2	102.17	-90	50		D		5	587
									578	60	5	quarter			down	2	102.17	-80	50		E		2	588
									579	60	5	quarter			down	2	174.3	-105	50		E		3	589
									580	60	5	quarter			down	2	174.3	-90	50		G	1	3	590
									581	60	5	quarter			down	2	174.3	-80	50		D		4	591
									582	30	1	eighth				1			51		E		3	592
									583	30	1	eighth			down	1	58.99	-5	51		G	1	3	593
									584	30	1	eighth		sharp	down	1	105.78	-10	51		D		4	594
									585	30	1	eighth			down	1	152.56	-5	51		C		5	595
									586	30	1	eighth			down	1	199.35	15	51		A		2	597
									587	30	1	eighth		natural	down	1	246.14	-10	51		E		3	598
									588	60	5	quarter			up	2	12.2	-155	51		A		3	599
									589	60	5	quarter			down	2	105.78	-120	51		C		4	600
									590	60	5	quarter		sharp	down	2	105.78	-110	51		E		3	601
									591	60	5	quarter			down	2	105.78	-90	51		A		3	602
									592	60	5	quarter			down	2	199.35	-120	51		C		4	603
									593	60	5	quarter			down	2	199.35	-110	51		C		6	605
									594	60	5	quarter			down	2	199.35	-90	51		B		5	606
									595	120	1	half			down	1	12	-15	52		A		5	607
									596	60	1	quarter				1			52		G		5	608
									597	60	5	quarter			up	2	12.36	-140	52		F		5	609
									598	60	5	quarter			down	2	86.71	-120	52		C		3	610
									599	60	5	quarter			down	2	86.71	-105	52		E		3	611
									600	60	5	quarter			down	2	86.71	-95	52		A		3	612
									601	60	5	quarter			down	2	161.06	-120	52		E		4	613
									602	60	5	quarter			down	2	161.06	-105	52		E		5	615
									603	60	5	quarter			down	2	161.06	-95	52		D		5	616
									604	30	1	eighth				1			53		C	1	5	617
									605	30	1	eighth			down	1	91.92	20	53		D		5	618
									606	30	1	eighth			down	1	132.59	15	53		E		5	619
									607	30	1	eighth			down	1	173.26	10	53		F		5	620
									608	30	1	eighth			down	1	213.92	5	53		D		3	621
									609	30	1	eighth			down	1	254.59	0	53		A		3	622
									610	60	5	quarter			up	2	51.25	-130	53		B		3	623
									611	60	5	quarter			down	2	132.59	-120	53		F		4	624
									612	60	5	quarter			down	2	132.59	-105	53		E		5	626
									613	60	5	quarter			down	2	132.59	-85	53		D	1	5	627
									614	60	5	quarter				2			53		E		5	628
									615	30	1	eighth			down	1	12	-5	54		F		5	629
									616	30	1	eighth			down	1	54.78	-10	54		G	1	4	630
									617	30	1	eighth		sharp	down	1	97.56	-15	54		E		2	631
									618	30	1	eighth			down	1	140.33	-10	54		E		3	632
									619	30	1	eighth			down	1	183.11	-5	54		C		4	633
									620	30	1	eighth			down	1	225.89	0	54		E		3	634
									621	60	5	quarter			down	2	12	-125	54		B		3	635
									622	60	5	quarter			down	2	85.69	-105	54		D		4	636
									623	60	5	quarter			down	2	97.56	-100	54		A		4	637
									624	60	5	quarter			down	2	97.56	-80	54		A		2	639
									625	60	5	quarter				2			54		E		3	640
									626	60	1	quarter			down	1	12	-5	55		C		4	641
									627	30	1	eighth		sharp	down	1	85.26	-10	55					
									628	30	1	eighth			down	1	131.05	-5	55					
									629	30	1	eighth			down	1	176.84	0	55					
									630	30	1	eighth		sharp	down	1	222.63	-30	55					
									631	60	5	quarter			up	2	12	-155	55					
									632	60	5	quarter			down	2	85.26	-120	55					
									633	60	5	quarter			down	2	85.26	-95	55					
									634	60	5	quarter			down	2	176.84	-120	55					
									635	60	5	quarter			down	2	176.84	-100	55					
									636	60	5	quarter			down	2	176.84	-90	55					
									637	120	1	half			up	1	12	-25	56					
									638	60	1	quarter				1			56					
									639	60	5	quarter			up	2	12.36	-140	56					
									640	60	5	quarter			down	2	77.83	-120	56					
									641	60	5	quarter			down	2	77.83	-95	56					
									642	60	5	quarter				2			56					
